Індекс дня,Користувачі
01.01.22,1 082
02.01.22,1 303
03.01.22,1 568
04.01.22,2 251
05.01.22,2 312
06.01.22,2 044
07.01.22,1 980
08.01.22,1 464
09.01.22,1 609
10.01.22,2 465
11.01.22,2 511
12.01.22,2 516
13.01.22,2 445
14.01.22,2 072
15.01.22,1 486
16.01.22,1 444
17.01.22,1 980
18.01.22,2 497
19.01.22,2 481
20.01.22,2 821
21.01.22,2 132
22.01.22,1 535
23.01.22,1 641
24.01.22,2 506
25.01.22,2 904
26.01.22,2 676
27.01.22,2 882
28.01.22,2 448
29.01.22,1 616
30.01.22,1 586
31.01.22,2 428
01.02.22,2 623
02.02.22,2 844
03.02.22,2 692
04.02.22,2 625
05.02.22,1 636
06.02.22,1 794
07.02.22,2 702
08.02.22,2 968
09.02.22,3 140
10.02.22,2 897
11.02.22,2 726
12.02.22,1 540
13.02.22,1 749
14.02.22,2 484
15.02.22,2 789
16.02.22,3 206
17.02.22,2 761
18.02.22,2 140
19.02.22,1 363
20.02.22,1 393
21.02.22,1 953
22.02.22,2 520
23.02.22,2 385
24.02.22,2 269
25.02.22,2 043
26.02.22,1 416
27.02.22,1 444
28.02.22,2 188
01.03.22,2 409
02.03.22,2 601
03.03.22,2 491
04.03.22,2 031
05.03.22,1 533
06.03.22,1 494
07.03.22,2 499
08.03.22,2 668
09.03.22,2 824
10.03.22,2 595
11.03.22,1 847
12.03.22,1 284
13.03.22,1 426
14.03.22,2 393
15.03.22,2 345
16.03.22,2 574
17.03.22,2 617
18.03.22,2 124
19.03.22,1 482
20.03.22,1 532
21.03.22,2 660
22.03.22,2 726
23.03.22,2 848
24.03.22,3 401
25.03.22,2 507
26.03.22,1 479
27.03.22,1 754
28.03.22,2 654
29.03.22,2 545
30.03.22,2 546
31.03.22,2 698
01.04.22,2 164
02.04.22,1 416
03.04.22,1 564
04.04.22,2 760
05.04.22,2 676
06.04.22,6 529
07.04.22,4 881
08.04.22,3 262
09.04.22,2 262
10.04.22,2 110
11.04.22,3 146
12.04.22,3 047
13.04.22,2 920
14.04.22,2 876
15.04.22,2 452
16.04.22,1 684
17.04.22,1 558
18.04.22,2 829
19.04.22,3 147
20.04.22,3 131
21.04.22,3 085
22.04.22,2 497
23.04.22,1 615
24.04.22,1 859
25.04.22,3 023
26.04.22,3 068
27.04.22,3 151
28.04.22,3 056
29.04.22,2 635
30.04.22,1 696
01.05.22,1 584
02.05.22,2 655
03.05.22,2 866
04.05.22,2 878
05.05.22,3 019
06.05.22,3 940
07.05.22,3 167
08.05.22,1 993
09.05.22,2 899
10.05.22,3 263
11.05.22,3 791
12.05.22,3 643
13.05.22,3 079
14.05.22,2 532
15.05.22,2 491
16.05.22,2 970
17.05.22,2 995
18.05.22,2 824
19.05.22,3 238
20.05.22,2 576
21.05.22,1 825
22.05.22,1 945
23.05.22,2 942
24.05.22,3 017
25.05.22,3 139
26.05.22,3 018
27.05.22,2 465
28.05.22,1 632
29.05.22,1 751
30.05.22,2 271
31.05.22,2 865
01.06.22,2 954
02.06.22,2 865
03.06.22,2 624
04.06.22,1 670
05.06.22,1 710
06.06.22,2 957
07.06.22,3 408
08.06.22,3 224
09.06.22,3 394
10.06.22,2 665
11.06.22,1 585
12.06.22,1 675
13.06.22,2 842
14.06.22,2 873
15.06.22,2 998
16.06.22,2 912
17.06.22,2 563
18.06.22,1 543
19.06.22,1 716
20.06.22,2 344
21.06.22,2 880
22.06.22,2 845
23.06.22,2 876
24.06.22,2 501
25.06.22,1 551
26.06.22,1 658
27.06.22,2 780
28.06.22,2 831
29.06.22,2 728
30.06.22,2 696
01.07.22,2 291
02.07.22,1 711
03.07.22,1 807
04.07.22,2 065
05.07.22,2 319
06.07.22,2 785
07.07.22,2 634
08.07.22,2 254
09.07.22,1 484
10.07.22,1 620
11.07.22,2 693
12.07.22,2 700
13.07.22,2 743
14.07.22,2 609
15.07.22,2 397
16.07.22,1 520
17.07.22,1 631
18.07.22,2 740
19.07.22,3 073
20.07.22,3 033
21.07.22,2 867
22.07.22,2 532
23.07.22,1 492
24.07.22,1 710
25.07.22,2 757
26.07.22,2 961
27.07.22,3 130
28.07.22,2 791
29.07.22,2 604
30.07.22,1 421
31.07.22,1 565
01.08.22,2 677
02.08.22,2 732
03.08.22,2 702
04.08.22,2 744
05.08.22,2 403
06.08.22,1 399
07.08.22,1 592
08.08.22,2 720
09.08.22,2 899
10.08.22,2 820
11.08.22,2 489
12.08.22,2 245
13.08.22,1 331
14.08.22,1 441
15.08.22,2 524
16.08.22,2 455
17.08.22,2 506
18.08.22,2 776
19.08.22,2 120
20.08.22,1 254
21.08.22,1 485
22.08.22,2 529
23.08.22,2 779
24.08.22,2 570
25.08.22,2 704
26.08.22,2 455
27.08.22,1 345
28.08.22,1 396
29.08.22,2 386
30.08.22,2 409
31.08.22,2 582
01.09.22,2 313
02.09.22,1 975
03.09.22,1 248
04.09.22,1 274
05.09.22,1 823
06.09.22,2 635
07.09.22,2 595
08.09.22,2 567
09.09.22,2 142
10.09.22,1 217
11.09.22,1 302
12.09.22,2 502
13.09.22,2 717
14.09.22,2 479
15.09.22,2 557
16.09.22,2 047
17.09.22,1 299
18.09.22,1 519
19.09.22,2 741
20.09.22,2 838
21.09.22,2 675
22.09.22,2 757
23.09.22,2 388
24.09.22,1 416
25.09.22,1 501
26.09.22,5 073
27.09.22,6 202
28.09.22,3 387
29.09.22,3 022
30.09.22,2 424
01.10.22,1 445
02.10.22,1 494
03.10.22,2 707
04.10.22,2 809
05.10.22,2 680
06.10.22,2 984
07.10.22,2 375
08.10.22,1 511
09.10.22,1 552
10.10.22,2 589
11.10.22,2 832
12.10.22,3 720
13.10.22,3 039
14.10.22,2 651
15.10.22,1 513
16.10.22,1 683
17.10.22,3 036
18.10.22,2 791
19.10.22,3 128
20.10.22,2 815
21.10.22,2 285
22.10.22,1 294
23.10.22,1 457
24.10.22,2 540
25.10.22,2 862
26.10.22,2 802
27.10.22,2 569
28.10.22,2 147
29.10.22,1 315
30.10.22,1 494
31.10.22,2 445
01.11.22,3 767
02.11.22,3 194
03.11.22,3 906
04.11.22,3 230
05.11.22,1 600
06.11.22,1 921
07.11.22,3 237
08.11.22,3 751
09.11.22,3 302
10.11.22,2 885
11.11.22,2 532
12.11.22,1 552
13.11.22,1 672
14.11.22,3 039
15.11.22,3 088
16.11.22,3 227
17.11.22,3 492
18.11.22,2 667
19.11.22,1 543
20.11.22,1 745
21.11.22,2 887
22.11.22,3 012
23.11.22,2 501
24.11.22,2 161
25.11.22,2 117
26.11.22,1 555
27.11.22,1 876
28.11.22,5 176
29.11.22,3 117
30.11.22,2 902
01.12.22,3 196
02.12.22,2 859
03.12.22,1 538
04.12.22,1 838
05.12.22,3 040
06.12.22,3 927
07.12.22,8 161
08.12.22,4 735
09.12.22,3 076
10.12.22,2 087
11.12.22,2 306
12.12.22,3 363
13.12.22,3 007
14.12.22,2 996
15.12.22,2 705
16.12.22,2 353
17.12.22,1 657
18.12.22,1 474
19.12.22,2 580
20.12.22,2 347
21.12.22,2 301
22.12.22,2 078
23.12.22,1 470
24.12.22,1 066
25.12.22,1 172
26.12.22,1 438
27.12.22,1 863
28.12.22,1 800
29.12.22,1 697
30.12.22,1 336
31.12.22,1 032
01.01.23,1 249
,890 810
